<?xml version="1.0" encoding="UTF-8"?>
<metadata xml:lang="en"><Esri><CreaDate>20200731</CreaDate><CreaTime>11034600</CreaTime><ArcGISFormat>1.0</ArcGISFormat><SyncOnce>FALSE</SyncOnce><DataProperties><itemProps><itemName Sync="TRUE">TZA_buildings_exposure_breakdown_20200731</itemName><imsContentType Sync="TRUE">002</imsContentType><itemSize Sync="TRUE">627.528</itemSize><itemLocation><linkage Sync="TRUE">file://\\MONTANA\Documents\ArcGIS\Projects\Tanzania_Metadata_Deliverable4\Deliverable4_Tanzania\TZA_buildings_exposure_breakdown_20200731.dbf</linkage><protocol Sync="TRUE">Local Area Network</protocol></itemLocation></itemProps></DataProperties><SyncDate>20200731</SyncDate><SyncTime>11034600</SyncTime><ModDate>20200731</ModDate><ModTime>11034600</ModTime></Esri><dataIdInfo><envirDesc Sync="TRUE">Microsoft Windows 10 Version 10.0 (Build 18362) ; Esri ArcGIS 12.5.0.22081</envirDesc><dataLang><languageCode value="eng" Sync="TRUE"></languageCode><countryCode value="USA" Sync="TRUE"></countryCode></dataLang><idCitation><resTitle Sync="TRUE">TZA_buildings_exposure_breakdown_20200731</resTitle><presForm><PresFormCd value="011" Sync="TRUE"></PresFormCd></presForm></idCitation><spatRpType><SpatRepTypCd value="003" Sync="TRUE"></SpatRepTypCd></spatRpType></dataIdInfo><mdLang><languageCode value="eng" Sync="TRUE"></languageCode><countryCode value="USA" Sync="TRUE"></countryCode></mdLang><mdChar><CharSetCd value="004" Sync="TRUE"></CharSetCd></mdChar><distInfo><distFormat><formatName Sync="TRUE">dBASE Table</formatName></distFormat><distTranOps><transSize Sync="TRUE">627.528</transSize></distTranOps></distInfo><mdHrLv><ScopeCd value="007" Sync="TRUE"></ScopeCd></mdHrLv><mdHrLvName Sync="TRUE">dataset</mdHrLvName><eainfo><detailed Name="TZA_buildings_exposure_breakdown_20200731"><enttyp><enttypl Sync="TRUE">TZA_buildings_exposure_breakdown_20200731</enttypl><enttypt Sync="TRUE">Table</enttypt><enttypc Sync="TRUE">6036794</enttypc></enttyp><attr><attrlabl Sync="TRUE">OID</attrlabl><attalias Sync="TRUE">OID</attalias><attrtype Sync="TRUE">OID</attrtype><attwidth Sync="TRUE">4</attwidth><atprecis Sync="TRUE">0</atprecis><attscale Sync="TRUE">0</attscale><attrdef Sync="TRUE">Internal feature number.</attrdef><attrdefs Sync="TRUE">Esri</attrdefs><attrdomv><udom Sync="TRUE">Sequential unique whole numbers that are automatically generated.</udom></attrdomv></attr><attr><attrlabl Sync="TRUE">OBJECTID</attrlabl><attalias Sync="TRUE">OBJECTID</attalias><attrtype Sync="TRUE">Double</attrtype><attwidth Sync="TRUE">11</attwidth><atprecis Sync="TRUE">11</atprecis><attscale Sync="TRUE">0</attscale></attr><attr><attrlabl Sync="TRUE">CONTYPE</attrlabl><attalias Sync="TRUE">CONTYPE</attalias><attrtype Sync="TRUE">String</attrtype><attwidth Sync="TRUE">22</attwidth><atprecis Sync="TRUE">0</atprecis><attscale Sync="TRUE">0</attscale></attr><attr><attrlabl Sync="TRUE">TOT_CNT</attrlabl><attalias Sync="TRUE">TOT_CNT</attalias><attrtype Sync="TRUE">Double</attrtype><attwidth Sync="TRUE">11</attwidth><atprecis Sync="TRUE">11</atprecis><attscale Sync="TRUE">0</attscale></attr><attr><attrlabl Sync="TRUE">TOT_SIZE_M</attrlabl><attalias Sync="TRUE">TOT_SIZE_M</attalias><attrtype Sync="TRUE">Double</attrtype><attwidth Sync="TRUE">32</attwidth><atprecis Sync="TRUE">31</atprecis><attscale Sync="TRUE">10</attscale></attr><attr><attrlabl Sync="TRUE">TOT_VAL</attrlabl><attalias Sync="TRUE">TOT_VAL</attalias><attrtype Sync="TRUE">Double</attrtype><attwidth Sync="TRUE">32</attwidth><atprecis Sync="TRUE">31</atprecis><attscale Sync="TRUE">10</attscale></attr></detailed></eainfo><mdDateSt Sync="TRUE">20200731</mdDateSt></metadata>
